sample_id;prediction
131672_1767670500;88.38136979504225
131672_1767670800;113.82656402060991
131672_1767671100;118.71017603009541
131672_1767671400;79.80308123529522
134040_1767672000;49.154179952020925
134040_1767672300;73.00158055358756
134040_1767672600;63.067343008475156
134040_1767672900;66.75688544191863
134040_1767673200;111.54627839402913
134040_1767673500;140.43894103525707
122048_1767673800;90.6202002218321
122048_1767674100;16.653812170306736
122048_1767674400;-7.985954241936145
122048_1767674700;-49.3937810330458
122048_1767675000;-3.462801552231145
122048_1767675300;-21.752080596573656
131672_1767675600;59.89673241130869
131672_1767675900;6.548743814863439
131672_1767676200;27.758313150993132
131672_1767676500;16.702381871419853
131672_1767676800;-10.609625231585397
131672_1767677100;1.1841800572720906
122658_1767679500;27.156916358539892
122658_1767679800;54.8421013606615
122658_1767680100;58.45689260266218
122658_1767680400;35.381914701046504
122658_1767680700;136.992348477136
134040_1767684600;40.89169841136716
130238_1767684600;32.1947290289463
130238_1767684900;50.68449380674605
134040_1767684900;17.792129802553845
134040_1767685200;84.09341119043117
130238_1767685200;48.922756456969225
134040_1767685500;82.34921815449957
130238_1767685500;54.12893504035247
134040_1767685800;79.89945090909782
130238_1767685800;67.52131449404033
130238_1767686100;35.32405116185807
134040_1767686100;65.29000829122941
122658_1767686400;-17.91350652564855
122658_1767686700;6.990998429335761
122658_1767687000;6.895167713580669
122658_1767687300;6.25585400612983
122658_1767687600;-24.74077054493265
122658_1767687900;34.3837132933465
122613_1767690000;55.542391197628014
122613_1767690300;54.148913502251816
122613_1767690600;61.564239769718405
122613_1767690900;79.32191724307975
122613_1767691200;32.28273672999988
122613_1767691500;24.698975706840518
122048_1767695400;-88.42967351370282
122048_1767695700;-48.17420525485542
122048_1767696000;7.06860400420943
122048_1767696300;35.08194020961734
122048_1767696600;58.389139333172395
122048_1767696900;-49.678109899307856
133300_1767699000;20.290079422591393
122048_1767699000;-105.72615723876478
133300_1767699300;41.46916487490762
122048_1767699300;-111.2029821831905
122048_1767699600;-115.76349784226704
133300_1767699600;79.63866451944415
122048_1767699900;-118.35135498424754
133300_1767699900;52.30920956663695
122048_1767700200;-14.49302922750563
133300_1767700200;66.47851346125425
122048_1767700500;170.9819701983432
133300_1767700500;76.4685391258775
133957_1767700800;61.3419071876949
133957_1767701100;105.90544167044514
133957_1767701400;60.116287407145485
133957_1767701700;61.78710596776288
133957_1767702000;88.6449771466484
133957_1767702300;57.18916857840493
129964_1767702600;-26.96750164763062
129964_1767702900;-47.752169927906095
129964_1767703200;-36.06268382923261
129964_1767703500;-26.734128284129277
129964_1767704100;-75.13296536669941
122658_1767706200;27.08254255459553
122658_1767706500;-9.450817073178797
122658_1767706800;3.534790486344196
122658_1767707100;18.679167538853385
122658_1767707400;0.9945297588420345
131672_1767709800;56.046370736423086
122048_1767709800;-39.99390090440985
131672_1767710100;28.28850676395547
122048_1767710100;-0.4771189237191251
131672_1767710400;-36.324069356948385
122048_1767710400;26.98720727830854
122048_1767710700;-6.803378303729794
131672_1767710700;-13.79187934146713
131672_1767711000;-29.309978937264994
122048_1767711000;36.511567966325586
122048_1767711300;-2.19018802871501
131672_1767711300;-59.58965204354209
132430_1767713400;279.4317083033351
133300_1767713400;-33.01466451779752
132430_1767713700;279.22844756684935
133300_1767713700;-20.376443175194133
133300_1767714000;7.946438014717373
132430_1767714000;279.42819688543966
132430_1767714300;248.23916086340304
133300_1767714600;-30.327083406029217
132430_1767714600;289.8849734890835
132430_1767714900;292.36878573185663
133300_1767714900;22.308913842799274
122048_1767717000;-9.239891982136783
122048_1767717300;-15.24088309083016
122048_1767717600;-32.98217369120357
122613_1767718800;48.330443415082414
132430_1767720000;56.292996340979045
132430_1767720300;64.1328311566563
131672_1767722400;61.2700903883743
131672_1767722700;88.5148026854403
131672_1767723000;127.41816143945242
131672_1767723300;239.037351450914
131672_1767723600;206.06600485531212
131672_1767723900;205.34659903209803
133957_1767724200;168.89467763599765
132430_1767727800;228.33203745498423
132430_1767728100;227.7266813438568
132430_1767728400;189.74606527819705
132430_1767728700;229.20613974235243
132430_1767729000;137.0649751843423
132430_1767729300;105.27396530824234
122048_1767731400;-2.227331126503625
122048_1767731700;-9.209624503728847
122048_1767732000;-5.221888011195379
122048_1767732300;-4.965642267507057
122048_1767732600;8.890032115065784
122048_1767732900;10.069819033382828
134040_1767733200;266.36586813889346
134040_1767733500;325.98836967030485
134040_1767733800;358.0862907339532
134040_1767734100;348.2439358613691
134040_1767734400;333.2988211199438
134040_1767734700;267.39835531148066
130072_1767736800;-29.363918774198538
130072_1767737100;-24.019281028217705
130072_1767737400;-24.813216288921105
130072_1767737700;-21.036905589982993
130072_1767738000;-14.089304615907892
130072_1767738300;4.223092439403601
130072_1767742200;0.5574744060525418
130072_1767742500;20.632178412550374
130072_1767742800;25.412056386238607
130072_1767743100;-0.16016062706344414
130072_1767743400;24.088392116854553
130072_1767743700;-3.2446278199636076
