feature,importance
cur_dev_s,16.94688068125829
route_stops_after_T_to_target,3.9562882018866894
target_lon,2.613796250852718
route_next_stop_lon,2.4035011557134185
lat,2.2405968740762914
route_next_stop_lat,1.8793659642222356
route_prev_stop_lon,1.8709409784974065
time_sin,1.8088176678136836
count_10m,1.7419834095081999
target_minute_of_day,1.6814757179346942
lon,1.6550790664698374
route_distance_target_prev_stop_m,1.5584065060579673
distance_to_target_m,1.4805988761635231
bearing_cos,1.4551511049473402
alt,1.451071129801737
route_prev_stop_lat,1.3541546739688188
route_target_position_ratio,1.3480034868925315
heading_cos,1.3264413761193394
route_avg_segment_length_to_target_m,1.2927058855167064
heading_target_cos,1.2866966561328341
bearing_sin,1.2851424175188848
target_lat,1.2677044613094444
route_required_route_speed_kmh,1.2410874456158754
route_target_schedule_index,1.2402522994833232
heading_error_deg,1.2170618710642898
route_nearest_schedule_stop_index,1.17992715672272
stopped_fraction_10m,1.144069962123525
target_progress_m_5m,1.1321273972416213
target_minute,1.106202615545747
route_distance_target_next_stop_m,1.0984783360464483
distance_to_target_km,1.0753618610296751
progress_speed_kmh_1m,1.018338705743951
route_schedule_total_stops,0.9900686813692213
heading_sin,0.976890908552081
route_schedule_progress_ratio,0.9699363531191411
eta_minus_horizon_s,0.9331259207860904
speed_median_10m,0.912808376200096
route_route_distance_to_target_m,0.8969171237853616
route_nearest_schedule_stop_distance_m,0.8828943818142627
progress_speed_kmh_5m,0.8519895039627324
target_progress_m_1m,0.842407310573283
minute,0.8309946722809098
distance_travelled_m_5m,0.8222970410198471
progress_speed_kmh_10m,0.814234280007801
speed_mean_3m,0.8120434215397215
eta_current_speed_s,0.8105179943218015
speed_std_1m,0.7809186867269567
count_3m,0.7710031483318689
required_speed_kmh,0.7687905067592353
stopped_fraction_5m,0.7611168713661428
speed_std_10m,0.7590402054032728
time_cos,0.73107599760729
target_progress_m_10m,0.7150406406313832
moving_fraction_3m,0.7127321174212496
minute_of_day,0.7026746756189536
stopped_fraction_3m,0.692106585452422
hour,0.6606520604545846
route_planned_headway_prev_s,0.6577094230653157
count_5m,0.6181674331896803
count_1m,0.6171943157755706
target_progress_m_3m,0.5947901509651013
speed_std_3m,0.5796355798372114
moving_fraction_1m,0.5742320712151816
progress_speed_kmh_3m,0.5640657517139269
moving_fraction_10m,0.5282097059833294
route_route_distance_ratio,0.5063692391602254
speed_max_3m,0.4933807641307265
gps_age_s,0.4545126125062236
speed_mean_10m,0.45011675841871523
speed_max_10m,0.44952883256950465
speed_mean_1m,0.4385226610214771
distance_travelled_m_3m,0.4373368789943071
moving_fraction_5m,0.43349772316894797
distance_travelled_m_1m,0.42808839609135085
distance_travelled_m_10m,0.423094336198374
route_planned_seconds_per_remaining_stop,0.4140149549267229
speed_max_1m,0.38070214395757684
route_stops_remaining_est,0.37446831157674415
stopped_fraction_1m,0.3614713403327356
target_hour,0.35924855949769396
speed_median_5m,0.3467298428325093
speed_median_3m,0.33221211951736934
speed_max_5m,0.32400245616583884
speed_mean_5m,0.30357192878050654
speed,0.2897536603461636
horizon_s,0.2798391609855905
speed_median_1m,0.2725359199608115
speed_std_5m,0.267385599352583
gps_age_log,0.24399560289587768
speed_min_1m,0.16114333907681502
route_planned_headway_next_s,0.10078428360855203
speed_min_3m,0.060345046878946346
speed_min_5m,0.05390295186873566
speed_min_10m,0.029223749732712946
gps_fresh_30s,0.026631309586129477
gps_fresh_60s,0.005599000773838783
gps_stale_5min,0.003998424954910311
gps_stale_15min,0.0
second,0.0
day_of_week,0.0
has_gps,0.0
speed_is_zero,0.0
